MoldName,SaveDate,Materials,Colour,MoldNum
9,2019/3/4-16:17:43,9,9,9
,,,,
DataID,DataValue,,,
0x400,123,,,
0x401,321,,,
0x402,111,,,
0x403,65535,,,
0x404,65535,,,
0x405,65535,,,
0x406,65535,,,
0x407,65535,,,
0x408,65535,,,
0x409,65535,,,
0x40A,65535,,,
0x40B,65535,,,
0x40C,65535,,,
0x40D,65535,,,
0x40E,65535,,,
0x40F,0,,,
0x410,0,,,
0x411,0,,,
0x412,65535,,,
0x413,65535,,,
0x414,65535,,,
0x415,65535,,,
0x416,65535,,,
0x417,65535,,,
0x418,65535,,,
0x419,65535,,,
0x41A,65535,,,
0x41B,65535,,,
0x41C,65535,,,
0x41D,65535,,,
0x41E,65535,,,
0x41F,65535,,,
0x420,65535,,,
0x421,65535,,,
0x422,65535,,,
0x423,65535,,,
0x424,0,,,
0x425,65535,,,
0x426,65535,,,
0x427,65535,,,
0x428,65535,,,
0x429,65535,,,
0x42A,65535,,,
0x42B,65535,,,
0x42C,65535,,,
0x42D,65535,,,
0x42E,65535,,,
0x42F,65535,,,
0x430,50,,,
0x431,20,,,
0x432,20,,,
0x433,35,,,
0x434,65535,,,
0x435,65535,,,
0x436,65535,,,
0x437,65535,,,
0x438,65535,,,
0x439,65535,,,
0x43A,65535,,,
0x43B,65535,,,
0x43C,65535,,,
0x43D,65535,,,
0x43E,65535,,,
0x43F,65535,,,
0x440,0,,,
0x441,0,,,
0x442,65535,,,
0x443,65535,,,
0x444,65535,,,
0x445,65535,,,
0x446,0,,,
0x447,0,,,
0x448,0,,,
0x449,0,,,
0x44A,65535,,,
0x44B,65535,,,
0x44C,65535,,,
0x44D,65535,,,
0x44E,65535,,,
0x44F,65535,,,
0x450,80,,,
0x451,0,,,
0x452,60,,,
0x453,1000,,,
0x454,80,,,
0x455,0,,,
0x456,60,,,
0x457,1200,,,
0x458,80,,,
0x459,0,,,
0x45A,60,,,
0x45B,1450,,,
0x45C,65535,,,
0x45D,65535,,,
0x45E,65535,,,
0x45F,65535,,,
0x460,65535,,,
0x461,65535,,,
0x462,65535,,,
0x463,65535,,,
0x464,65535,,,
0x465,0,,,
0x466,0,,,
0x467,0,,,
0x468,0,,,
0x469,0,,,
0x46A,0,,,
0x46C,0,,,
0x46D,65535,,,
0x46E,65535,,,
0x46F,65535,,,
0x470,65535,,,
0x471,65535,,,
0x472,65535,,,
0x473,65535,,,
0x474,65535,,,
0x475,65535,,,
0x476,65535,,,
0x477,65535,,,
0x478,65535,,,
0x479,65535,,,
0x47A,65535,,,
0x47B,65535,,,
0x47C,65535,,,
0x47D,65535,,,
0x47E,65535,,,
0x47F,65535,,,
0x480,50,,,
0x481,50,,,
0x482,1500,,,
0x483,30,,,
0x484,30,,,
0x485,1000,,,
0x486,30,,,
0x487,30,,,
0x488,800,,,
0x489,15,,,
0x48A,25,,,
0x48B,500,,,
0x48C,60,,,
0x48D,40,,,
0x48E,65535,,,
0x48F,0,,,
0x490,0,,,
0x491,0,,,
0x492,0,,,
0x493,0,,,
0x494,65535,,,
0x495,0,,,
0x496,0,,,
0x497,0,,,
0x498,65535,,,
0x499,0,,,
0x49A,0,,,
0x49B,65535,,,
0x49C,65535,,,
0x49D,65535,,,
0x49E,65535,,,
0x49F,65535,,,
0x4A0,65535,,,
0x4A1,65535,,,
0x4A2,65535,,,
0x4A3,65535,,,
0x4A4,65535,,,
0x4A5,65535,,,
0x4A6,65535,,,
0x4A7,65535,,,
0x4A8,65535,,,
0x4A9,65535,,,
0x4AA,65535,,,
0x4AB,0,,,
0x4AC,0,,,
0x4AD,0,,,
0x4AE,0,,,
0x4AF,0,,,
0x4B0,0,,,
0x4B1,0,,,
0x4B2,0,,,
0x4B3,0,,,
0x4B4,0,,,
0x4B5,0,,,
0x4B6,0,,,
0x4B7,65535,,,
0x4B8,0,,,
0x4BA,500,,,
0x4BC,65535,,,
0x4BD,65535,,,
0x4BE,65535,,,
0x4BF,65535,,,
0x4C0,0,,,
0x4C1,0,,,
0x4C2,0,,,
0x4C3,0,,,
0x4C4,0,,,
0x4C5,50,,,
0x4C6,50,,,
0x4C7,300,,,
0x4C8,0,,,
0x4C9,65535,,,
0x4CA,65535,,,
0x4CB,65535,,,
0x4CC,65535,,,
0x4CD,65535,,,
0x4CE,65535,,,
0x4CF,0,,,
0x4D0,0,,,
0x4D1,0,,,
0x4D2,0,,,
0x4D3,0,,,
0x4D4,45,,,
0x4D5,45,,,
0x4D6,300,,,
0x4D7,0,,,
0x4D8,45,,,
0x4D9,45,,,
0x4DA,65535,,,
0x4DB,65535,,,
0x4DC,65535,,,
0x4DD,0,,,
0x4DE,0,,,
0x4DF,0,,,
0x4E0,0,,,
0x4E1,0,,,
0x4E2,0,,,
0x4E3,0,,,
0x4E4,0,,,
0x4E5,50,,,
0x4E6,50,,,
0x4E7,300,,,
0x4E8,0,,,
0x4E9,65535,,,
0x4EA,65535,,,
0x4EB,65535,,,
0x4EC,65535,,,
0x4ED,65535,,,
0x4EE,65535,,,
0x4EF,0,,,
0x4F0,0,,,
0x4F1,0,,,
0x4F2,0,,,
0x4F3,0,,,
0x4F4,45,,,
0x4F5,45,,,
0x4F6,300,,,
0x4F7,0,,,
0x4F8,65535,,,
0x4F9,65535,,,
0x4FA,65535,,,
0x4FB,65535,,,
0x4FC,65535,,,
0x4FD,0,,,
0x4FE,0,,,
0x4FF,0,,,
0x500,0,,,
0x501,0,,,
0x502,0,,,
0x503,0,,,
0x504,0,,,
0x505,50,,,
0x506,50,,,
0x507,300,,,
0x508,0,,,
0x509,65535,,,
0x50A,65535,,,
0x50B,65535,,,
0x50C,65535,,,
0x50D,65535,,,
0x50E,65535,,,
0x50F,0,,,
0x510,0,,,
0x511,0,,,
0x512,0,,,
0x513,0,,,
0x514,45,,,
0x515,45,,,
0x516,300,,,
0x517,0,,,
0x518,65535,,,
0x519,65535,,,
0x51A,65535,,,
0x51B,65535,,,
0x51C,65535,,,
0x51D,0,,,
0x51E,0,,,
0x51F,0,,,
0x520,65535,,,
0x521,0,,,
0x522,65535,,,
0x523,65535,,,
0x524,65535,,,
0x525,65535,,,
0x526,65535,,,
0x527,65535,,,
0x528,65535,,,
0x529,65535,,,
0x52A,65535,,,
0x52B,65535,,,
0x52C,65535,,,
0x52D,65535,,,
0x52E,65535,,,
0x52F,0,,,
0x530,0,,,
0x531,65535,,,
0x532,65535,,,
0x533,65535,,,
0x534,65535,,,
0x535,65535,,,
0x536,65535,,,
0x537,65535,,,
0x538,65535,,,
0x539,65535,,,
0x53A,65535,,,
0x53B,65535,,,
0x53C,65535,,,
0x53D,0,,,
0x53E,0,,,
0x53F,0,,,
0x540,65535,,,
0x541,0,,,
0x542,65535,,,
0x543,65535,,,
0x544,65535,,,
0x545,65535,,,
0x546,65535,,,
0x547,65535,,,
0x548,65535,,,
0x549,65535,,,
0x54A,65535,,,
0x54B,65535,,,
0x54C,65535,,,
0x54D,65535,,,
0x54E,65535,,,
0x54F,0,,,
0x550,0,,,
0x551,65535,,,
0x552,65535,,,
0x553,65535,,,
0x554,65535,,,
0x555,65535,,,
0x556,65535,,,
0x557,65535,,,
0x558,65535,,,
0x559,65535,,,
0x55A,65535,,,
0x55B,65535,,,
0x55C,65535,,,
0x55D,0,,,
0x55E,0,,,
0x55F,0,,,
0x560,65535,,,
0x561,0,,,
0x562,65535,,,
0x563,65535,,,
0x564,65535,,,
0x565,65535,,,
0x566,65535,,,
0x567,65535,,,
0x568,65535,,,
0x569,65535,,,
0x56A,65535,,,
0x56B,65535,,,
0x56C,65535,,,
0x56D,65535,,,
0x56E,65535,,,
0x56F,0,,,
0x570,0,,,
0x571,65535,,,
0x572,65535,,,
0x573,65535,,,
0x574,65535,,,
0x575,65535,,,
0x576,65535,,,
0x577,65535,,,
0x578,65535,,,
0x579,65535,,,
0x57A,65535,,,
0x57B,65535,,,
0x57C,65535,,,
0x57D,0,,,
0x57E,0,,,
0x57F,0,,,
0x580,74565,,,
0x582,5517840,,,
0x584,65535,,,
0x585,65535,,,
0x586,0,,,
0x587,0,,,
0x588,0,,,
0x589,65535,,,
0x58A,65535,,,
0x58B,1,,,
0x58C,0,,,
0x58D,65535,,,
0x58E,65535,,,
0x58F,65535,,,
0x590,65535,,,
0x591,65535,,,
0x592,65535,,,
0x593,65535,,,
0x594,65535,,,
0x595,0,,,
0x596,0,,,
0x597,65535,,,
0x598,3000,,,
0x599,65535,,,
0x59A,65535,,,
0x59B,65535,,,
0x59C,65535,,,
0x59D,65535,,,
0x59E,65535,,,
0x59F,65535,,,
0x5A0,50,,,
0x5A1,30,,,
0x5A2,100,,,
0x5A3,50,,,
0x5A4,50,,,
0x5A5,500,,,
0x5A6,60,,,
0x5A7,60,,,
0x5A8,100,,,
0x5A9,60,,,
0x5AA,60,,,
0x5AB,10,,,
0x5AC,0,,,
0x5AD,0,,,
0x5AE,1,,,
0x5AF,1,,,
0x5B0,0,,,
0x5B1,0,,,
0x5B2,0,,,
0x5B3,0,,,
0x5B4,65535,,,
0x5B5,0,,,
0x5B6,65535,,,
0x5B7,65535,,,
0x5B8,65535,,,
0x5B9,0,,,
0x5BA,0,,,
0x5BB,65535,,,
0x5BC,65535,,,
0x5BD,65535,,,
0x5BE,65535,,,
0x5BF,65535,,,
0x5C0,65535,,,
0x5C1,0,,,
0x5C2,65535,,,
0x5C3,65535,,,
0x5C4,65535,,,
0x5C5,0,,,
0x5C6,65535,,,
0x5C7,65535,,,
0x5C8,65535,,,
0x5C9,65535,,,
0x5CA,65535,,,
0x5CB,65535,,,
0x5CC,65535,,,
0x5CD,65535,,,
0x5CE,65535,,,
0x5CF,65535,,,
0x5D0,65535,,,
0x5D1,65535,,,
0x5D2,65535,,,
0x5D3,65535,,,
0x5D4,65535,,,
0x5D5,65535,,,
0x5D6,65535,,,
0x5D7,65535,,,
0x5D8,65535,,,
0x5D9,65535,,,
0x5DA,65535,,,
0x5DB,65535,,,
0x5DC,65535,,,
0x5DD,65535,,,
0x5DE,65535,,,
0x5DF,0,,,
0x5E0,0,,,
0x5E1,0,,,
0x5E2,0,,,
0x5E3,0,,,
0x5E4,0,,,
0x5E5,0,,,
0x5E6,0,,,
0x5E7,0,,,
0x5E8,0,,,
0x5E9,0,,,
0x5EA,0,,,
0x5EB,0,,,
0x5EC,0,,,
0x5ED,0,,,
0x5EE,0,,,
0x5EF,0,,,
0x5F0,0,,,
0x5F1,0,,,
0x5F2,0,,,
0x5F3,0,,,
0x5F4,0,,,
0x5F5,0,,,
0x5F6,0,,,
0x5F7,0,,,
0x5F8,0,,,
0x5F9,0,,,
0x5FA,0,,,
0x5FB,0,,,
0x5FC,0,,,
0x5FD,0,,,
0x5FE,0,,,
0x5FF,0,,,
0x600,0,,,
0x601,0,,,
0x602,0,,,
0x603,0,,,
0x604,0,,,
0x605,0,,,
0x606,0,,,
0x607,0,,,
0x608,0,,,
0x609,0,,,
0x60A,0,,,
0x60B,0,,,
0x60C,0,,,
0x60D,0,,,
0x60E,0,,,
0x60F,0,,,
0x610,0,,,
0x611,0,,,
0x612,0,,,
0x613,0,,,
0x614,0,,,
0x615,0,,,
0x616,0,,,
0x617,0,,,
0x618,0,,,
0x619,0,,,
0x61A,0,,,
0x61B,0,,,
0x61C,0,,,
0x61D,0,,,
0x61E,0,,,
0x61F,0,,,
0x620,0,,,
0x621,0,,,
0x622,0,,,
0x623,0,,,
0x624,0,,,
0x625,0,,,
0x626,80,,,
0x627,50,,,
0x628,65535,,,
0x629,65535,,,
0x62A,65535,,,
0x62B,65535,,,
0x62C,65535,,,
0x62D,65535,,,
0x62E,65535,,,
0x62F,65535,,,
0x630,65535,,,
0x631,65535,,,
0x632,65535,,,
0x633,65535,,,
0x634,65535,,,
0x635,65535,,,
0x636,65535,,,
0x637,65535,,,
0x638,65535,,,
0x639,65535,,,
0x63A,65535,,,
0x63B,65535,,,
0x63C,65535,,,
0x63D,65535,,,
0x63E,65535,,,
0x63F,65535,,,
0x640,65535,,,
0x641,65535,,,
0x642,65535,,,
0x643,65535,,,
0x644,65535,,,
0x645,65535,,,
0x646,65535,,,
0x647,65535,,,
0x648,65535,,,
0x649,65535,,,
0x64A,65535,,,
0x64B,65535,,,
0x64C,65535,,,
0x64D,65535,,,
0x64E,65535,,,
0x64F,65535,,,
0x650,20,,,
0x651,50,,,
0x652,200,,,
0x654,30,,,
0x655,50,,,
0x656,0,,,
0x658,40,,,
0x659,50,,,
0x65A,0,,,
0x65C,0,,,
0x65D,0,,,
0x65E,0,,,
0x660,0,,,
0x661,0,,,
0x662,0,,,
0x664,65535,,,
0x665,65535,,,
0x666,-1,,,
0x668,65535,,,
0x669,65535,,,
0x66A,-1,,,
0x66C,65535,,,
0x66D,65535,,,
0x66E,-1,,,
0x670,65535,,,
0x671,65535,,,
0x672,-1,,,
0x674,65535,,,
0x675,65535,,,
0x676,-1,,,
0x678,0,,,
0x679,0,,,
0x67A,0,,,
0x67B,65535,,,
0x67C,0,,,
0x67D,65535,,,
0x67E,65535,,,
0x67F,65535,,,
0x680,65535,,,
0x681,65535,,,
0x682,65535,,,
0x683,65535,,,
0x684,65535,,,
0x685,65535,,,
0x686,65535,,,
0x687,65535,,,
0x688,65535,,,
0x689,65535,,,
0x68A,65535,,,
0x68B,65535,,,
0x68C,65535,,,
0x68D,65535,,,
0x68E,65535,,,
0x68F,0,,,
0x690,50,,,
0x691,50,,,
0x692,600,,,
0x694,500,,,
0x695,65535,,,
0x696,60,,,
0x697,50,,,
0x698,-1,,,
0x69A,200,,,
0x69B,65535,,,
0x69C,70,,,
0x69D,50,,,
0x69E,-1,,,
0x6A0,150,,,
0x6A1,65535,,,
0x6A2,80,,,
0x6A3,50,,,
0x6A4,-1,,,
0x6A6,100,,,
0x6A7,65535,,,
0x6A8,0,,,
0x6A9,0,,,
0x6AA,-1,,,
0x6AC,0,,,
0x6AD,65535,,,
0x6AE,0,,,
0x6AF,0,,,
0x6B0,-1,,,
0x6B2,0,,,
0x6B3,65535,,,
0x6B4,65535,,,
0x6B5,65535,,,
0x6B6,-1,,,
0x6B8,65535,,,
0x6B9,65535,,,
0x6BA,65535,,,
0x6BB,65535,,,
0x6BC,-1,,,
0x6BE,65535,,,
0x6BF,65535,,,
0x6C0,65535,,,
0x6C1,65535,,,
0x6C2,-1,,,
0x6C4,65535,,,
0x6C5,65535,,,
0x6C6,65535,,,
0x6C7,65535,,,
0x6C8,-1,,,
0x6CA,65535,,,
0x6CB,65535,,,
0x6CC,65535,,,
0x6CD,65535,,,
0x6CE,0,,,
0x6CF,65535,,,
0x6D0,0,,,
0x6D1,0,,,
0x6D2,0,,,
0x6D3,65535,,,
0x6D4,0,,,
0x6D5,65535,,,
0x6D6,0,,,
0x6D7,0,,,
0x6D8,65535,,,
0x6D9,0,,,
0x6DA,0,,,
0x6DB,65535,,,
0x6DC,65535,,,
0x6DD,65535,,,
0x6DE,65535,,,
0x6DF,65535,,,
0x6E0,65535,,,
0x6E1,65535,,,
0x6E2,-1,,,
0x6E4,65535,,,
0x6E5,65535,,,
0x6E6,65535,,,
0x6E7,65535,,,
0x6E8,65535,,,
0x6E9,65535,,,
0x6EA,65535,,,
0x6EB,65535,,,
0x6EC,65535,,,
0x6ED,65535,,,
0x6EE,65535,,,
0x6EF,65535,,,
0x6F0,0,,,
0x6F1,0,,,
0x6F2,0,,,
0x6F3,65535,,,
0x6F4,0,,,
0x6F5,65535,,,
0x6F6,-1,,,
0x6F8,65535,,,
0x6F9,65535,,,
0x6FA,65535,,,
0x6FB,0,,,
0x6FC,0,,,
0x6FD,0,,,
0x6FE,0,,,
0x6FF,65535,,,
0x700,2500,,,
0x701,0,,,
0x702,0,,,
0x703,0,,,
0x704,0,,,
0x705,0,,,
0x706,0,,,
0x707,65535,,,
0x708,65535,,,
0x709,65535,,,
0x70A,65535,,,
0x70B,65535,,,
0x70C,65535,,,
0x70D,65535,,,
0x70E,65535,,,
0x70F,65535,,,
0x710,30,,,
0x711,30,,,
0x712,0,,,
0x713,30,,,
0x714,20,,,
0x715,0,,,
0x716,65535,,,
0x717,0,,,
0x718,30,,,
0x719,30,,,
0x71A,0,,,
0x71B,0,,,
0x71C,0,,,
0x71D,0,,,
0x71E,65535,,,
0x71F,65535,,,
0x720,65535,,,
0x721,65535,,,
0x722,65535,,,
0x723,65535,,,
0x724,65535,,,
0x725,65535,,,
0x726,65535,,,
0x727,65535,,,
0x728,65535,,,
0x729,65535,,,
0x72A,65535,,,
0x72B,65535,,,
0x72C,65535,,,
0x72D,65535,,,
0x72E,65535,,,
0x72F,65535,,,
0x730,70,,,
0x731,35,,,
0x732,500,,,
0x733,70,,,
0x734,50,,,
0x735,1000,,,
0x736,70,,,
0x737,40,,,
0x738,2000,,,
0x739,50,,,
0x73A,50,,,
0x73B,3000,,,
0x73C,50,,,
0x73D,30,,,
0x73E,4000,,,
0x73F,0,,,
0x740,65535,,,
0x741,65535,,,
0x742,65535,,,
0x743,0,,,
0x744,0,,,
0x745,65535,,,
0x746,65535,,,
0x747,0,,,
0x748,0,,,
0x749,65535,,,
0x74A,65535,,,
0x74B,65535,,,
0x74C,65535,,,
0x74D,65535,,,
0x74E,65535,,,
0x74F,65535,,,
0x750,65535,,,
0x751,65535,,,
0x752,65535,,,
0x753,65535,,,
0x754,65535,,,
0x755,65535,,,
0x756,65535,,,
0x757,65535,,,
0x758,65535,,,
0x759,65535,,,
0x75A,65535,,,
0x75B,65535,,,
0x75C,65535,,,
0x75D,65535,,,
0x75E,65535,,,
0x75F,65535,,,
0x760,0,,,
0x761,5,,,
0x762,300,,,
0x764,65535,,,
0x765,65535,,,
0x766,65535,,,
0x767,65535,,,
0x768,65535,,,
0x769,0,,,
0x76A,0,,,
0x76B,0,,,
0x76C,0,,,
0x76D,0,,,
0x76E,0,,,
0x76F,0,,,
0x770,0,,,
0x771,65535,,,
0x772,65535,,,
0x773,65535,,,
0x774,65535,,,
0x775,65535,,,
0x776,65535,,,
0x777,65535,,,
0x778,65535,,,
0x779,65535,,,
0x77A,65535,,,
0x77B,65535,,,
0x77C,65535,,,
0x77D,65535,,,
0x77E,65535,,,
0x77F,65535,,,
0x780,65535,,,
0x781,65535,,,
0x782,65535,,,
0x783,65535,,,
0x784,65535,,,
0x785,65535,,,
0x786,65535,,,
0x787,65535,,,
0x788,65535,,,
0x789,65535,,,
0x78A,65535,,,
0x78B,65535,,,
0x78C,65535,,,
0x78D,65535,,,
0x78E,65535,,,
0x78F,65535,,,
0x790,50,,,
0x791,50,,,
0x792,65535,,,
0x793,50,,,
0x794,0,,,
0x795,0,,,
0x796,0,,,
0x797,3,,,
0x798,65535,,,
0x799,65535,,,
0x79A,65535,,,
0x79B,65535,,,
0x79C,65535,,,
0x79D,65535,,,
0x79E,65535,,,
0x79F,65535,,,
0x7A0,25,,,
0x7A1,25,,,
0x7A2,25,,,
0x7A3,25,,,
0x7A4,25,,,
0x7A5,25,,,
0x7A6,25,,,
0x7A7,25,,,
0x7A8,25,,,
0x7A9,65535,,,
0x7AA,65535,,,
0x7AB,65535,,,
0x7AC,65535,,,
0x7AD,65535,,,
0x7AE,65535,,,
0x7AF,65535,,,
0x7B0,65535,,,
0x7B1,65535,,,
0x7B2,65535,,,
0x7B3,65535,,,
0x7B4,50,,,
0x7B5,50,,,
0x7B6,50,,,
0x7B7,50,,,
0x7B8,50,,,
0x7B9,50,,,
0x7BA,50,,,
0x7BB,50,,,
0x7BC,50,,,
0x7BD,65535,,,
0x7BE,65535,,,
0x7BF,65535,,,
0x7C0,65535,,,
0x7C1,65535,,,
0x7C2,65535,,,
0x7C3,65535,,,
0x7C4,65535,,,
0x7C5,65535,,,
0x7C6,65535,,,
0x7C7,65535,,,
0x7C8,25,,,
0x7C9,25,,,
0x7CA,25,,,
0x7CB,25,,,
0x7CC,25,,,
0x7CD,25,,,
0x7CE,25,,,
0x7CF,25,,,
0x7D0,25,,,
0x7D1,65535,,,
0x7D2,65535,,,
0x7D3,65535,,,
0x7D4,65535,,,
0x7D5,65535,,,
0x7D6,65535,,,
0x7D7,65535,,,
0x7D8,65535,,,
0x7D9,65535,,,
0x7DA,65535,,,
0x7DB,65535,,,
0x7DC,60000,,,
0x7DE,90000,,,
0x7E0,65535,,,
0x7E1,65535,,,
0x7E2,0,,,
0x7E3,65535,,,
0x7E4,65535,,,
0x7E5,65535,,,
0x7E6,65535,,,
0x7E7,65535,,,
0x7E8,65535,,,
0x7E9,65535,,,
0x7EA,65535,,,
0x7EB,65535,,,
0x7EC,65535,,,
0x7ED,65535,,,
0x7EE,65535,,,
0x7EF,65535,,,
0x7F0,65535,,,
0x7F1,65535,,,
0x7F2,65535,,,
0x7F3,65535,,,
0x7F4,65535,,,
0x7F5,65535,,,
0x7F6,65535,,,
0x7F7,65535,,,
0x7F8,65535,,,
0x7F9,65535,,,
0x7FA,65535,,,
0x7FB,65535,,,
0x7FC,65535,,,
0x7FD,65535,,,
0x7FE,65535,,,
0x7FF,65535,,,
0x800,0,,,
0x801,0,,,
0x802,65535,,,
0x803,65535,,,
0x804,65535,,,
0x805,65535,,,
0x806,65535,,,
0x807,65535,,,
0x808,65535,,,
0x809,65535,,,
0x80A,65535,,,
0x80B,65535,,,
0x80C,65535,,,
0x80D,65535,,,
0x80E,65535,,,
0x80F,65535,,,
0x810,65535,,,
0x811,65535,,,
0x812,65535,,,
0x813,65535,,,
0x814,65535,,,
0x815,65535,,,
0x816,65535,,,
0x817,65535,,,
0x818,65535,,,
0x819,65535,,,
0x81A,65535,,,
0x81B,65535,,,
0x81C,65535,,,
0x81D,65535,,,
0x81E,65535,,,
0x81F,65535,,,
0x820,65535,,,
0x821,65535,,,
0x822,65535,,,
0x823,65535,,,
0x824,65535,,,
0x825,65535,,,
0x826,65535,,,
0x827,65535,,,
0x828,65535,,,
0x829,65535,,,
0x82A,65535,,,
0x82B,65535,,,
0x82C,65535,,,
0x82D,65535,,,
0x82E,65535,,,
0x82F,65535,,,
0x830,65535,,,
0x831,65535,,,
0x832,65535,,,
0x833,65535,,,
0x834,65535,,,
0x835,65535,,,
0x836,65535,,,
0x837,65535,,,
0x838,65535,,,
0x839,65535,,,
0x83A,65535,,,
0x83B,65535,,,
0x83C,65535,,,
0x83D,65535,,,
0x83E,65535,,,
0x83F,65535,,,
0x840,65535,,,
0x841,65535,,,
0x842,65535,,,
0x843,65535,,,
0x844,65535,,,
0x845,65535,,,
0x846,65535,,,
0x847,65535,,,
0x848,65535,,,
0x849,65535,,,
0x84A,65535,,,
0x84B,65535,,,
0x84C,65535,,,
0x84D,65535,,,
0x84E,65535,,,
0x84F,65535,,,
0x850,65535,,,
0x851,65535,,,
0x852,65535,,,
0x853,65535,,,
0x854,65535,,,
0x855,65535,,,
0x856,65535,,,
0x857,65535,,,
0x858,65535,,,
0x859,65535,,,
0x85A,65535,,,
0x85B,65535,,,
0x85C,65535,,,
0x85D,65535,,,
0x85E,65535,,,
0x85F,65535,,,
0x860,65535,,,
0x861,65535,,,
0x862,65535,,,
0x863,65535,,,
0x864,65535,,,
0x865,65535,,,
0x866,65535,,,
0x867,65535,,,
0x868,65535,,,
0x869,65535,,,
0x86A,65535,,,
0x86B,65535,,,
0x86C,65535,,,
0x86D,65535,,,
0x86E,65535,,,
0x86F,65535,,,
0x870,65535,,,
0x871,65535,,,
0x872,65535,,,
0x873,65535,,,
0x874,65535,,,
0x875,65535,,,
0x876,65535,,,
0x877,65535,,,
0x878,65535,,,
0x879,65535,,,
0x87A,65535,,,
0x87B,65535,,,
0x87C,65535,,,
0x87D,65535,,,
0x87E,65535,,,
0x87F,65535,,,
0x880,65535,,,
0x881,65535,,,
0x882,65535,,,
0x883,65535,,,
0x884,65535,,,
0x885,65535,,,
0x886,65535,,,
0x887,65535,,,
0x888,65535,,,
0x889,65535,,,
0x88A,65535,,,
0x88B,65535,,,
0x88C,65535,,,
0x88D,65535,,,
0x88E,65535,,,
0x88F,65535,,,
0x890,65535,,,
0x891,65535,,,
0x892,65535,,,
0x893,65535,,,
0x894,65535,,,
0x895,65535,,,
0x896,65535,,,
0x897,65535,,,
0x898,65535,,,
0x899,65535,,,
0x89A,65535,,,
0x89B,65535,,,
0x89C,65535,,,
0x89D,65535,,,
0x89E,65535,,,
0x89F,65535,,,
0x8A0,65535,,,
0x8A1,65535,,,
0x8A2,65535,,,
0x8A3,65535,,,
0x8A4,65535,,,
0x8A5,65535,,,
0x8A6,65535,,,
0x8A7,65535,,,
0x8A8,65535,,,
0x8A9,65535,,,
0x8AA,65535,,,
0x8AB,65535,,,
0x8AC,65535,,,
0x8AD,65535,,,
0x8AE,65535,,,
0x8AF,65535,,,
0x8B0,65535,,,
0x8B1,65535,,,
0x8B2,65535,,,
0x8B3,65535,,,
0x8B4,65535,,,
0x8B5,65535,,,
0x8B6,65535,,,
0x8B7,65535,,,
0x8B8,65535,,,
0x8B9,65535,,,
0x8BA,65535,,,
0x8BB,65535,,,
0x8BC,65535,,,
0x8BD,65535,,,
0x8BE,65535,,,
0x8BF,65535,,,
0x8C0,65535,,,
0x8C1,65535,,,
0x8C2,65535,,,
0x8C3,65535,,,
0x8C4,65535,,,
0x8C5,65535,,,
0x8C6,65535,,,
0x8C7,65535,,,
0x8C8,65535,,,
0x8C9,65535,,,
0x8CA,65535,,,
0x8CB,65535,,,
0x8CC,65535,,,
0x8CD,65535,,,
0x8CE,65535,,,
0x8CF,65535,,,
0x8D0,0,,,
0x8D1,0,,,
0x8D2,0,,,
0x8D3,0,,,
0x8D4,0,,,
0x8D5,0,,,
0x8D6,0,,,
0x8D7,0,,,
0x8D8,0,,,
0x8D9,0,,,
0x8DA,0,,,
0x8DB,0,,,
0x8DC,0,,,
0x8DD,0,,,
0x8DE,0,,,
0x8DF,0,,,
0x8E0,0,,,
0x8E1,0,,,
0x8E2,0,,,
0x8E3,0,,,
0x8E4,0,,,
0x8E5,0,,,
0x8E6,0,,,
0x8E7,0,,,
0x8E8,0,,,
0x8E9,0,,,
0x8EA,0,,,
0x8EB,0,,,
0x8EC,0,,,
0x8ED,0,,,
0x8EE,0,,,
0x8EF,0,,,
0x8F0,65535,,,
0x8F1,65535,,,
0x8F2,65535,,,
0x8F3,65535,,,
0x8F4,65535,,,
0x8F5,65535,,,
0x8F6,65535,,,
0x8F7,65535,,,
0x8F8,65535,,,
0x8F9,65535,,,
0x8FA,65535,,,
0x8FB,65535,,,
0x8FC,65535,,,
0x8FD,65535,,,
0x8FE,65535,,,
0x8FF,42390,,,
0xA31,0,,,
0xA33,0,,,
0xA35,0,,,
0xA37,0,,,
0xA39,0,,,
0xA3A,0,,,
0xA3B,0,,,
0xA3C,0,,,
0xA3D,0,,,
0xA3E,0,,,
0xA3F,0,,,
0xA40,0,,,
0xA41,0,,,
0xA42,0,,,
0xA43,0,,,
0xA44,0,,,
0xA45,0,,,
0xA46,0,,,
0xA47,0,,,
0xA48,0,,,
0xA49,0,,,
0xA4A,0,,,
0xA4B,0,,,
0xA4C,0,,,
0xA4D,0,,,
0xA4E,0,,,
0xA4F,0,,,
0xA50,0,,,
0xA51,0,,,
0xA52,0,,,
0xA53,0,,,
0xA54,0,,,
0xA55,0,,,
0xA56,0,,,
0xA57,0,,,
0xA58,0,,,
0xA59,0,,,
0xA5A,0,,,
0xA5B,0,,,
0xA5C,0,,,
0xA5D,0,,,
0xA5E,0,,,
0xA5F,0,,,
0xA60,0,,,
0xF4C,0,,,
0xF4D,0,,,
0xF4E,0,,,
0xF4F,0,,,
0xF50,0,,,
0xF51,0,,,
0xF52,0,,,
0xF53,0,,,
0xF54,0,,,
0xF55,0,,,
0xF56,0,,,
0xF57,0,,,
0xF58,0,,,
0xF59,0,,,
0xF5A,0,,,
0xF5B,0,,,
0xF5C,0,,,
0xF5D,0,,,
0xF5E,0,,,
0xF5F,0,,,
0xF60,0,,,
0xF61,0,,,
0xF62,0,,,
0xF63,0,,,
0xF64,0,,,
0xF65,0,,,
0xF66,0,,,
0xF67,0,,,
0xF68,0,,,
0xF69,0,,,
0xF6A,0,,,
0xF6B,0,,,
0xF6C,0,,,
0xF6D,0,,,
0xF6E,0,,,
0xF6F,0,,,
0xF70,0,,,
0xF71,0,,,
0xF72,0,,,
0xF73,0,,,
0xF74,0,,,
0xF75,0,,,
0xF76,0,,,
0xF77,0,,,
0xF78,0,,,
0xF79,0,,,
0xF7A,0,,,
0xF7B,0,,,
0xF7C,0,,,
0xF7D,0,,,
0xF7E,0,,,
0xF7F,0,,,
0xF80,0,,,
0xF81,0,,,
0xF82,0,,,
0xF83,0,,,
0xF84,0,,,
0xF85,0,,,
0xF86,0,,,
0xF87,0,,,
0xFC4,25,,,
0xFC5,25,,,
0xFC6,25,,,
0xFC7,25,,,
0xFC8,25,,,
0xFC9,25,,,
0xFCA,25,,,
0xFCB,25,,,
0xFCC,25,,,
0xFCD,25,,,
0xFCE,25,,,
0xFCF,25,,,
0xFD0,25,,,
0xFD1,25,,,
0xFD2,25,,,
0xFD3,25,,,
0xFD4,25,,,
0xFD5,25,,,
0xFD6,25,,,
0xFD7,25,,,
0xFD8,25,,,
0xFD9,25,,,
0xFDA,25,,,
0xFDB,25,,,
0xFDC,25,,,
0xFDD,25,,,
0xFDE,25,,,
0xFDF,25,,,
0xFE0,25,,,
0xFE1,25,,,
0xFE2,25,,,
0xFE3,25,,,
0xFE4,25,,,
0xFE5,25,,,
0xFE6,25,,,
0xFE7,25,,,
0xFE8,25,,,
0xFE9,25,,,
0xFEA,25,,,
0xFEB,25,,,
0xFEC,65535,,,
0xFED,65535,,,
0xFEE,65535,,,
0xFEF,65535,,,
0xFF0,65535,,,
0xFF1,65535,,,
0xFF2,65535,,,
0xFF3,65535,,,
0xFF4,65535,,,
0xFF5,65535,,,
0xFF6,65535,,,
0xFF7,65535,,,
0xFF8,65535,,,
0xFF9,65535,,,
0xFFA,65535,,,
0xFFB,65535,,,
0xFFC,65535,,,
0xFFD,65535,,,
0xFFE,65535,,,
0xFFF,65535,,,
0x1100,0,,,
0x1101,0,,,
0x1102,0,,,
0x1103,0,,,
0x1104,0,,,
0x1105,65535,,,
0x1106,0,,,
0x1107,0,,,
0x1108,0,,,
0x1109,0,,,
0x110A,65535,,,
0x110B,65535,,,
0x110C,65535,,,
0x110D,65535,,,
0x110E,65535,,,
0x110F,65535,,,
0x1110,80,,,
0x1111,0,,,
0x1112,60,,,
0x1113,1000,,,
0x1114,80,,,
0x1115,0,,,
0x1116,60,,,
0x1117,1200,,,
0x1118,80,,,
0x1119,0,,,
0x111A,60,,,
0x111B,1450,,,
0x111C,65535,,,
0x111D,65535,,,
0x111E,65535,,,
0x111F,65535,,,
0x1120,65535,,,
0x1121,65535,,,
0x1122,65535,,,
0x1123,65535,,,
0x1124,65535,,,
0x1125,0,,,
0x1126,0,,,
0x1127,65535,,,
0x1128,0,,,
0x1129,65535,,,
0x112A,0,,,
0x112C,0,,,
0x112D,65535,,,
0x112E,65535,,,
0x112F,65535,,,
0x1130,65535,,,
0x1131,65535,,,
0x1132,65535,,,
0x1133,65535,,,
0x1134,65535,,,
0x1135,65535,,,
0x1136,65535,,,
0x1137,65535,,,
0x1138,65535,,,
0x1139,65535,,,
0x113A,65535,,,
0x113B,65535,,,
0x113C,65535,,,
0x113D,65535,,,
0x113E,65535,,,
0x113F,65535,,,
0x1140,65535,,,
0x1141,65535,,,
0x1142,65535,,,
0x1143,65535,,,
0x1144,65535,,,
0x1145,65535,,,
0x1146,65535,,,
0x1147,65535,,,
0x1148,65535,,,
0x1149,65535,,,
0x114A,65535,,,
0x114B,65535,,,
0x114C,65535,,,
0x114D,65535,,,
0x114E,65535,,,
0x114F,65535,,,
0x1150,65535,,,
0x1151,65535,,,
0x1152,65535,,,
0x1153,65535,,,
0x1154,65535,,,
0x1155,65535,,,
0x1156,65535,,,
0x1157,65535,,,
0x1158,0,,,
0x115A,500,,,
0x115C,65535,,,
0x115D,65535,,,
0x115E,65535,,,
0x115F,65535,,,
0x1160,50,,,
0x1161,30,,,
0x1162,0,,,
0x1163,50,,,
0x1164,50,,,
0x1165,0,,,
0x1166,60,,,
0x1167,60,,,
0x1168,0,,,
0x1169,60,,,
0x116A,60,,,
0x116B,0,,,
0x116C,0,,,
0x116D,0,,,
0x116E,1,,,
0x116F,1,,,
0x1170,0,,,
0x1171,0,,,
0x1172,0,,,
0x1173,0,,,
0x1174,65535,,,
0x1175,65535,,,
0x1176,65535,,,
0x1177,65535,,,
0x1178,65535,,,
0x1179,65535,,,
0x117A,65535,,,
0x117B,65535,,,
0x117C,65535,,,
0x117D,65535,,,
0x117E,65535,,,
0x117F,65535,,,
0x1180,65535,,,
0x1181,65535,,,
0x1182,65535,,,
0x1183,65535,,,
0x1184,65535,,,
0x1185,65535,,,
0x1186,65535,,,
0x1187,65535,,,
0x1188,65535,,,
0x1189,65535,,,
0x118A,65535,,,
0x118B,65535,,,
0x118C,65535,,,
0x118D,65535,,,
0x118E,65535,,,
0x118F,65535,,,
0x1190,65535,,,
0x1191,0,,,
0x1192,65535,,,
0x1193,65535,,,
0x1194,65535,,,
0x1195,0,,,
0x1196,65535,,,
0x1197,65535,,,
0x1198,65535,,,
0x1199,65535,,,
0x119A,65535,,,
0x119B,65535,,,
0x119C,65535,,,
0x119D,65535,,,
0x119E,65535,,,
0x119F,65535,,,
0x11A0,65535,,,
0x11A1,65535,,,
0x11A2,65535,,,
0x11A3,65535,,,
0x11A4,65535,,,
0x11A5,65535,,,
0x11A6,65535,,,
0x11A7,65535,,,
0x11A8,65535,,,
0x11A9,65535,,,
0x11AA,65535,,,
0x11AB,65535,,,
0x11AC,65535,,,
0x11AD,65535,,,
0x11AE,65535,,,
0x11AF,65535,,,
0x11B0,65535,,,
0x11B1,65535,,,
0x11B2,65535,,,
0x11B3,65535,,,
0x11B4,65535,,,
0x11B5,65535,,,
0x11B6,65535,,,
0x11B7,65535,,,
0x11B8,65535,,,
0x11B9,65535,,,
0x11BA,65535,,,
0x11BB,65535,,,
0x11BC,65535,,,
0x11BD,65535,,,
0x11BE,65535,,,
0x11BF,65535,,,
0x11C0,65535,,,
0x11C1,65535,,,
0x11C2,65535,,,
0x11C3,65535,,,
0x11C4,65535,,,
0x11C5,65535,,,
0x11C6,65535,,,
0x11C7,65535,,,
0x11C8,65535,,,
0x11C9,65535,,,
0x11CA,65535,,,
0x11CB,65535,,,
0x11CC,65535,,,
0x11CD,65535,,,
0x11CE,65535,,,
0x11CF,65535,,,
0x11D0,20,,,
0x11D1,50,,,
0x11D2,200,,,
0x11D4,30,,,
0x11D5,50,,,
0x11D6,0,,,
0x11D8,40,,,
0x11D9,50,,,
0x11DA,0,,,
0x11DC,0,,,
0x11DD,0,,,
0x11DE,0,,,
0x11E0,0,,,
0x11E1,0,,,
0x11E2,0,,,
0x11E4,0,,,
0x11E5,0,,,
0x11E6,0,,,
0x11E8,65535,,,
0x11E9,65535,,,
0x11EA,-1,,,
0x11EC,65535,,,
0x11ED,65535,,,
0x11EE,-1,,,
0x11F0,65535,,,
0x11F1,65535,,,
0x11F2,-1,,,
0x11F4,65535,,,
0x11F5,65535,,,
0x11F6,-1,,,
0x11F8,0,,,
0x11F9,0,,,
0x11FA,0,,,
0x11FB,65535,,,
0x11FC,0,,,
0x11FD,65535,,,
0x11FE,65535,,,
0x11FF,65535,,,
0x1200,65535,,,
0x1201,65535,,,
0x1202,65535,,,
0x1203,65535,,,
0x1204,65535,,,
0x1205,65535,,,
0x1206,65535,,,
0x1207,65535,,,
0x1208,65535,,,
0x1209,65535,,,
0x120A,65535,,,
0x120B,65535,,,
0x120C,65535,,,
0x120D,65535,,,
0x120E,65535,,,
0x120F,65535,,,
0x1210,50,,,
0x1211,50,,,
0x1212,600,,,
0x1214,500,,,
0x1215,65535,,,
0x1216,60,,,
0x1217,50,,,
0x1218,-1,,,
0x121A,200,,,
0x121B,65535,,,
0x121C,70,,,
0x121D,50,,,
0x121E,-1,,,
0x1220,150,,,
0x1221,65535,,,
0x1222,80,,,
0x1223,50,,,
0x1224,-1,,,
0x1226,100,,,
0x1227,65535,,,
0x1228,0,,,
0x1229,0,,,
0x122A,-1,,,
0x122C,0,,,
0x122D,65535,,,
0x122E,0,,,
0x122F,0,,,
0x1230,-1,,,
0x1232,0,,,
0x1233,65535,,,
0x1234,65535,,,
0x1235,65535,,,
0x1236,-1,,,
0x1238,65535,,,
0x1239,65535,,,
0x123A,65535,,,
0x123B,65535,,,
0x123C,-1,,,
0x123E,65535,,,
0x123F,65535,,,
0x1240,65535,,,
0x1241,65535,,,
0x1242,-1,,,
0x1244,65535,,,
0x1245,65535,,,
0x1246,65535,,,
0x1247,65535,,,
0x1248,-1,,,
0x124A,65535,,,
0x124B,65535,,,
0x124C,65535,,,
0x124D,65535,,,
0x124E,0,,,
0x124F,65535,,,
0x1250,0,,,
0x1251,0,,,
0x1252,0,,,
0x1253,65535,,,
0x1254,0,,,
0x1255,65535,,,
0x1256,65535,,,
0x1257,65535,,,
0x1258,65535,,,
0x1259,65535,,,
0x125A,65535,,,
0x125B,65535,,,
0x125C,65535,,,
0x125D,65535,,,
0x125E,65535,,,
0x125F,65535,,,
0x1260,65535,,,
0x1261,65535,,,
0x1262,-1,,,
0x1264,65535,,,
0x1265,65535,,,
0x1266,65535,,,
0x1267,65535,,,
0x1268,65535,,,
0x1269,65535,,,
0x126A,65535,,,
0x126B,65535,,,
0x126C,65535,,,
0x126D,65535,,,
0x126E,65535,,,
0x126F,65535,,,
0x1270,50,,,
0x1271,50,,,
0x1272,65535,,,
0x1273,65535,,,
0x1274,65535,,,
0x1275,65535,,,
0x1276,65535,,,
0x1277,65535,,,
0x1278,65535,,,
0x1279,65535,,,
0x127A,65535,,,
0x127B,65535,,,
0x127C,65535,,,
0x127D,65535,,,
0x127E,65535,,,
0x127F,65535,,,
0x1280,65535,,,
0x1281,65535,,,
0x1282,65535,,,
0x1283,65535,,,
0x1284,65535,,,
0x1285,65535,,,
0x1286,65535,,,
0x1287,65535,,,
0x1288,65535,,,
0x1289,65535,,,
0x128A,65535,,,
0x128B,65535,,,
0x128C,65535,,,
0x128D,65535,,,
0x128E,65535,,,
0x128F,65535,,,
0x1290,65535,,,
0x1291,65535,,,
0x1292,65535,,,
0x1293,65535,,,
0x1294,65535,,,
0x1295,65535,,,
0x1296,65535,,,
0x1297,65535,,,
0x1298,65535,,,
0x1299,65535,,,
0x129A,65535,,,
0x129B,65535,,,
0x129C,65535,,,
0x129D,65535,,,
0x129E,65535,,,
0x129F,65535,,,
0x12A0,2,,,
0x12A1,65535,,,
0x12A2,65535,,,
0x12A3,65535,,,
0x12A4,65535,,,
0x12A5,65535,,,
0x12A6,65535,,,
0x12A7,65535,,,
0x12A8,65535,,,
0x12A9,65535,,,
0x12AA,65535,,,
0x12AB,65535,,,
0x12AC,65535,,,
0x12AD,65535,,,
0x12AE,65535,,,
0x12AF,65535,,,
0x12B0,50,,,
0x12B1,30,,,
0x12B2,0,,,
0x12B3,30,,,
0x12B4,20,,,
0x12B5,0,,,
0x12B6,65535,,,
0x12B7,65535,,,
0x12B8,35,,,
0x12B9,35,,,
0x12BA,0,,,
0x12BB,0,,,
0x12BC,0,,,
0x12BD,0,,,
0x12BE,65535,,,
0x12BF,65535,,,
0x12C0,65535,,,
0x12C1,65535,,,
0x12C2,65535,,,
0x12C3,65535,,,
0x12C4,65535,,,
0x12C5,65535,,,
0x12C6,65535,,,
0x12C7,65535,,,
0x12C8,65535,,,
0x12C9,65535,,,
0x12CA,65535,,,
0x12CB,65535,,,
0x12CC,65535,,,
0x12CD,65535,,,
0x12CE,65535,,,
0x12CF,65535,,,
0x12D0,0,,,
0x12D1,5,,,
0x12D2,300,,,
0x12D4,65535,,,
0x12D5,65535,,,
0x12D6,65535,,,
0x12D7,65535,,,
0x12D8,65535,,,
0x12D9,65535,,,
0x12DA,65535,,,
0x12DB,65535,,,
0x12DC,65535,,,
0x12DD,65535,,,
0x12DE,65535,,,
0x12DF,65535,,,
0x12E0,100,,,
0x12E1,85,,,
0x12E2,65535,,,
0x12E3,30,,,
0x12E4,15,,,
0x12E5,65535,,,
0x12E6,100,,,
0x12E7,85,,,
0x12E8,65535,,,
0x12E9,30,,,
0x12EA,15,,,
0x12EB,65535,,,
0x12EC,65535,,,
0x12ED,65535,,,
0x12EE,0,,,
0x12EF,65535,,,
0x12F0,0,,,
0x12F1,65535,,,
0x12F2,65535,,,
0x12F3,65535,,,
0x12F4,65535,,,
0x12F5,65535,,,
0x12F6,65535,,,
0x12F7,65535,,,
0x12F8,65535,,,
0x12F9,65535,,,
0x12FA,65535,,,
0x12FB,65535,,,
0x12FC,65535,,,
0x12FD,65535,,,
0x12FE,65535,,,
0x12FF,65535,,,
0x1300,50,,,
0x1301,50,,,
0x1302,65535,,,
0x1303,50,,,
0x1304,0,,,
0x1305,0,,,
0x1306,0,,,
0x1307,0,,,
0x1308,65535,,,
0x1309,65535,,,
0x130A,65535,,,
0x130B,65535,,,
0x130C,65535,,,
0x130D,65535,,,
0x130E,65535,,,
0x130F,65535,,,
0x1310,65535,,,
0x1311,65535,,,
0x1312,65535,,,
0x1313,65535,,,
0x1314,65535,,,
0x1315,65535,,,
0x1316,65535,,,
0x1317,65535,,,
0x1318,65535,,,
0x1319,65535,,,
0x131A,65535,,,
0x131B,65535,,,
0x131C,65535,,,
0x131D,65535,,,
0x131E,65535,,,
0x131F,65535,,,
0x1320,65535,,,
0x1321,65535,,,
0x1322,65535,,,
0x1323,65535,,,
0x1324,65535,,,
0x1325,65535,,,
0x1326,65535,,,
0x1327,65535,,,
0x1328,65535,,,
0x1329,65535,,,
0x132A,65535,,,
0x132B,65535,,,
0x132C,65535,,,
0x132D,65535,,,
0x132E,65535,,,
0x132F,65535,,,
0x1330,65535,,,
0x1331,65535,,,
0x1332,65535,,,
0x1333,65535,,,
0x1334,65535,,,
0x1335,65535,,,
0x1336,65535,,,
0x1337,65535,,,
0x1338,65535,,,
0x1339,65535,,,
0x133A,65535,,,
0x133B,65535,,,
0x133C,65535,,,
0x133D,65535,,,
0x133E,65535,,,
0x133F,65535,,,
0x1340,65535,,,
0x1341,65535,,,
0x1342,65535,,,
0x1343,65535,,,
0x1344,65535,,,
0x1345,65535,,,
0x1346,65535,,,
0x1347,65535,,,
0x1348,65535,,,
0x1349,65535,,,
0x134A,65535,,,
0x134B,65535,,,
0x134C,65535,,,
0x134D,65535,,,
0x134E,65535,,,
0x134F,65535,,,
0x1350,65535,,,
0x1351,65535,,,
0x1352,65535,,,
0x1353,65535,,,
0x1354,65535,,,
0x1355,65535,,,
0x1356,65535,,,
0x1357,65535,,,
0x1358,65535,,,
0x1359,65535,,,
0x135A,65535,,,
0x135B,65535,,,
0x135C,65535,,,
0x135D,65535,,,
0x135E,65535,,,
0x135F,65535,,,
0x1360,65535,,,
0x1361,65535,,,
0x1362,65535,,,
0x1363,65535,,,
0x1364,65535,,,
0x1365,65535,,,
0x1366,65535,,,
0x1367,65535,,,
0x1368,65535,,,
0x1369,65535,,,
0x136A,65535,,,
0x136B,65535,,,
0x136C,65535,,,
0x136D,65535,,,
0x136E,65535,,,
0x136F,65535,,,
0x1370,65535,,,
0x1371,65535,,,
0x1372,65535,,,
0x1373,65535,,,
0x1374,65535,,,
0x1375,65535,,,
0x1376,65535,,,
0x1377,65535,,,
0x1378,65535,,,
0x1379,65535,,,
0x137A,65535,,,
0x137B,65535,,,
0x137C,65535,,,
0x137D,65535,,,
0x137E,65535,,,
0x137F,65535,,,
0x1380,65535,,,
0x1381,65535,,,
0x1382,65535,,,
0x1383,65535,,,
0x1384,65535,,,
0x1385,65535,,,
0x1386,65535,,,
0x1387,65535,,,
0x1388,65535,,,
0x1389,65535,,,
0x138A,65535,,,
0x138B,65535,,,
0x138C,65535,,,
0x138D,65535,,,
0x138E,65535,,,
0x138F,65535,,,
0x1390,65535,,,
0x1391,65535,,,
0x1392,65535,,,
0x1393,65535,,,
0x1394,65535,,,
0x1395,65535,,,
0x1396,65535,,,
0x1397,65535,,,
0x1398,65535,,,
0x1399,65535,,,
0x139A,65535,,,
0x139B,65535,,,
0x139C,65535,,,
0x139D,65535,,,
0x139E,65535,,,
0x139F,65535,,,
0x13A0,65535,,,
0x13A1,65535,,,
0x13A2,65535,,,
0x13A3,65535,,,
0x13A4,65535,,,
0x13A5,65535,,,
0x13A6,65535,,,
0x13A7,65535,,,
0x13A8,65535,,,
0x13A9,65535,,,
0x13AA,65535,,,
0x13AB,65535,,,
0x13AC,65535,,,
0x13AD,65535,,,
0x13AE,65535,,,
0x13AF,65535,,,
0x13B0,65535,,,
0x13B1,65535,,,
0x13B2,65535,,,
0x13B3,65535,,,
0x13B4,65535,,,
0x13B5,65535,,,
0x13B6,65535,,,
0x13B7,65535,,,
0x13B8,65535,,,
0x13B9,65535,,,
0x13BA,65535,,,
0x13BB,65535,,,
0x13BC,65535,,,
0x13BD,65535,,,
0x13BE,65535,,,
0x13BF,65535,,,
0x13C0,65535,,,
0x13C1,65535,,,
0x13C2,65535,,,
0x13C3,65535,,,
0x13C4,65535,,,
0x13C5,65535,,,
0x13C6,65535,,,
0x13C7,65535,,,
0x13C8,65535,,,
0x13C9,65535,,,
0x13CA,65535,,,
0x13CB,65535,,,
0x13CC,65535,,,
0x13CD,65535,,,
0x13CE,65535,,,
0x13CF,65535,,,
0x13D0,65535,,,
0x13D1,65535,,,
0x13D2,65535,,,
0x13D3,65535,,,
0x13D4,65535,,,
0x186B2,9595,,,
0x186B5,5858,,,
0x186B8,1234,,,
0x186BB,54321,,,
0x186BE,5.55,,,
0x186C1,,,,
0x186C4,,,,
0x186C7,,,,
